{"username":"test","password":"test","stroke":[{"t":133.35000000006403},{"e":80.244999997376},{"s":63.77000000065891},{"t":111.49500000101398}]}