{"username":"s","password":"test","stroke":[{"t":24.019999997108243},{"e":40.450000000419095},{"s":41.26499999983935},{"t":71.60499999736203}]}